ID, Name, Genre, Quantity, Price
2, Louis, Action, 11, 22333.00
3, Shelli, Horror, 16, 197.74
4, Lilas, Thriller, 46, 171.13
5, Dara, Fun, 30, 64.58
6, EUGENE, 123, 8, 123.00
7, Charyl, Fun, 30, 3.00
8, Florentia, Thriller, 16, 228.56
9, Flss, Sci-Fi, 26, 265.00
10, shield, 12, 32, 12.00
11, SKIPP, Action, 12, 11.00
12, SHARL, SCI-FI, 55, 123.00
13, SARA, SCI-FI, 9, 1233.00
14, Tootsie, Thriller, 7, 261.03
15, Dynah, Thriller, 47, 53.21
16, Dinah, Adventure, 15, 70.63
17, Basilio, Sci-Fi, 38, 104.51
18, Arduino, Lend, 123, 223.00
19, Caroline, Action, 38, 76.73
20, MELESA, FUN, 24, 123.00
21, Sibylle, Fun, 6, 49.51
22, Brianna, Fun, 14, 127.87
23, Aileen, Adventure, 51, 226.03
24, Kerrie, Thriller, 52, 21.59
25, Janine, Horror, 5, 132.71
26, Jerrine, Action, 18, 141.28
27, Ronnica, Thriller, 47, 23.04
28, Daron, Horror, 9, 12.53
29, Hilarious, Action, 30, 2222.00
30, Sheffie, Adventure, 18, 106.95
31, Jobyna, Adventure, 45, 103.90
32, Betti, Adventure, 53, 128.27
33, Raimondo, Fun, 5, 43.53
34, Gayle, Action, 28, 226.52
35, Dredi, Horror, 47, 218.87
36, Hayes, Sci-Fi, 2, 234.41
37, Eamon, Sci-Fi, 50, 76.63
38, Coriss, Horror, 38, 149.37
39, Mufinella, Sci-Fi, 38, 162.25
40, Eleanora, Horror, 10, 257.07
41, READE, TRHILLER, 3, 11.00
42, Kylie, Sci-Fi, 55, 201.47
43, Arnold, Sci-Fi, 19, 232.39
44, Blair, Sci-Fi, 44, 223.43
45, Archibold, Thriller, 24, 179.40
46, GINEVRA, FUN, 2, 160.00
47, Vladimir, Adventure, 48, 178.72
48, Toiboid, Sci-Fi, 48, 43.33
49, Artemas, Sci-Fi, 18, 27.70
50, Rozamond, Adventure, 14, 186.31
51, Gwenette, Thriller, 41, 51.87
52, Dillon, Sci-Fi, 13, 228.63
53, Zelig, Action, 13, 23.08
54, Amalita, Thriller, 26, 41.06
55, Caryl, Adventure, 8, 138.77
56, Dara, Sci-Fi, 49, 91.62
57, Hannah, Adventure, 14, 202.32
58, Kerrill, Thriller, 19, 43.68
59, Mirilla, Adventure, 4, 242.51
60, Krystal, Fun, 22, 162.34
61, Alena, Fun, 33, 204.59
62, Lazaro, Horror, 36, 130.65
63, Caril, Fun, 52, 74.08
64, Lars, Thriller, 2, 42.85
65, Thom, Adventure, 40, 182.20
66, Andras, Action, 24, 107.36
67, Hertha, Horror, 40, 226.99
68, Richard, Thriller, 17, 212.17
69, Hervey, Sci-Fi, 6, 97.82
70, Wenona, Adventure, 38, 166.35
71, Truda, Fun, 23, 133.45
72, Barney, Thriller, 24, 211.23
73, Calida, Fun, 47, 95.29
74, Maura, Thriller, 44, 188.47
75, Wendel, Adventure, 54, 96.58
76, Merla, Fun, 29, 225.35
77, Kandy, Sci-Fi, 38, 265.26
78, Thedrick, Sci-Fi, 20, 208.86
79, Arie, Fun, 31, 169.58
80, Cherice, Thriller, 15, 239.97
81, Barnie, Fun, 38, 209.12
82, Franz, Sci-Fi, 22, 174.91
83, Kennan, Fun, 38, 116.85
84, Horton, Action, 32, 68.09
85, Carmine, Thriller, 29, 80.52
86, Marcelo, Horror, 4, 234.16
87, Giovanna, Horror, 21, 32.44
89, Misty, Fun, 3, 142.98
90, Ewen, Horror, 17, 61.29
91, Lewiss, Fun, 46, 98.23
92, Gaile, Adventure, 56, 190.02
93, Dee, dee, 0, 14.00
94, Marjie, Action, 8, 52.84
95, Marcelline, Thriller, 17, 255.18
96, Tiebold, Adventure, 33, 185.41
97, Jedediah, Fun, 37, 114.92
98, Nobe, Fun, 20, 61.13
99, Caron, Sci-Fi, 49, 214.92
100, Caralie, Thriller, 48, 12.15
101, Alvy, Adventure, 10, 65.02
102, Dulciana, Fun, 16, 220.39
103, 121, 12, 44, 12.00
104, Ram, Adventure, 21, 116.21
105, Brynna, Fun, 28, 215.99
106, Collie, Sci-Fi, 41, 197.42
107, Demott, Fun, 30, 188.80
108, Marylou, Adventure, 32, 193.18
109, Deena, Fun, 12, 116.65
110, Pauletta, Action, 26, 263.00
111, Cherry, Sci-Fi, 27, 158.76
112, asd, 123, 5, 123.00
113, Patrica, Fun, 38, 211.50
114, Eustace, Adventure, 15, 32.89
115, Agnes, Horror, 51, 63.75
116, Stepha, Sci-Fi, 48, 66.91
117, Ellswerth, Thriller, 56, 132.03
118, Tamar, Sci-Fi, 44, 138.29
119, Nelly, Action, 46, 31.79
120, Malanie, Action, 53, 197.62
121, Waiter, Sci-Fi, 53, 250.55
122, Amity, Thriller, 13, 155.40
123, Grethel, Thriller, 9, 144.88
124, Jerrilee, Action, 54, 37.85
125, Kinsley, Thriller, 30, 82.87
126, Erica, Horror, 9, 113.94
127, Darryl, Fun, 8, 125.19
128, Deana, Sci-Fi, 53, 247.09
129, Meier, Action, 6, 136.43
130, Anita, Sci-Fi, 49, 231.72
131, Kikelia, Action, 18, 213.22
132, Loretta, Adventure, 54, 259.65
133, Fancy, Adventure, 29, 27.33
134, Jarrett, Action, 11, 223.78
135, Helenelizabeth, Action, 8, 53.55
136, Ede, Sci-Fi, 47, 101.93
137, Boris, Action, 7, 193.76
138, Sigvard, Adventure, 11, 105.66
139, Abba, Sci-Fi, 45, 236.29
140, Jayne, Horror, 8, 92.28
141, Ferdinanda, Adventure, 48, 256.56
142, Enrichetta, Action, 32, 259.16
143, Nona, Thriller, 48, 241.12
144, Aurelia, Thriller, 56, 153.99
145, Corty, Action, 10, 100.28
146, Clio, Fun, 31, 66.36
147, Dita, Adventure, 8, 11.08
148, Sophronia, Sci-Fi, 52, 137.84
149, Aldus, Thriller, 18, 177.09
150, Kenyon, Horror, 16, 126.50
151, Nerty, Horror, 37, 24.80
152, Brandyn, Adventure, 37, 143.57
153, Noll, Adventure, 42, 202.02
154, Burton, Sci-Fi, 10, 28.28
155, Marcelo, Horror, 7, 152.41
156, Dagmar, Sci-Fi, 30, 136.07
157, Emylee, Horror, 32, 54.59
158, Aubine, Adventure, 11, 130.29
159, Kessia, Thriller, 17, 187.43
160, Gert, Sci-Fi, 20, 32.62
161, Gardner, Adventure, 26, 163.88
162, Kenton, Sci-Fi, 29, 265.53
163, Seth, Thriller, 54, 72.63
164, Bellina, Thriller, 40, 86.04
165, Enid, Adventure, 34, 268.06
166, Goldie, Horror, 32, 143.14
167, Elianora, Sci-Fi, 22, 151.26
168, Henrieta, Fun, 10, 251.43
169, Erma, Adventure, 53, 159.34
170, Ysabel, Adventure, 27, 136.61
171, Agnola, Sci-Fi, 28, 59.35
172, Chaim, Sci-Fi, 18, 79.23
173, Gavin, Thriller, 46, 241.48
174, Iggie, Thriller, 56, 21.62
175, Sid, Thriller, 20, 28.69
176, Jonas, Fun, 41, 36.66
177, Marwin, Action, 21, 208.79
178, Flss, Fun, 18, 103.20
179, Fransisco, Horror, 8, 59.00
180, Jameson, Fun, 45, 36.98
181, Nesta, Fun, 14, 61.15
182, Gerry, Adventure, 9, 125.10
183, Carolee, Action, 7, 13.37
184, Sonny, Sci-Fi, 6, 240.32
185, Anastasia, Action, 32, 110.46
186, Irvine, Adventure, 19, 169.43
187, Valentine, Horror, 10, 74.59
188, Elspeth, Horror, 40, 235.72
189, Christopher, Sci-Fi, 19, 190.75
190, Babara, Sci-Fi, 42, 164.96
191, Nancy, Action, 46, 1.27
192, Peggy, Horror, 16, 102.31
193, Orella, Sci-Fi, 40, 98.56
194, Arnoldo, Thriller, 24, 217.30
195, Warner, Horror, 12, 260.60
196, Frasquito, Thriller, 16, 82.57
197, Dianemarie, Fun, 54, 48.04
198, Catriona, Horror, 48, 119.47
199, Nanette, Thriller, 28, 211.11
200, Nikolas, Action, 51, 51.38
201, Preston, Sci-Fi, 34, 259.15
202, Drusilla, Adventure, 43, 165.32
203, Archaimbaud, Adventure, 48, 222.92
204, Kynthia, Action, 20, 131.98
205, Fredrick, Horror, 3, 58.48
206, Dom, Sci-Fi, 26, 115.59
207, Sumner, Fun, 1, 176.29
208, Sabina, Action, 45, 185.62
209, Saunders, Action, 7, 191.62
210, Deanne, Horror, 15, 246.37
211, Idalia, Horror, 49, 155.78
212, Ami, Adventure, 39, 27.92
213, Gussy, Sci-Fi, 56, 154.16
214, Cathe, Horror, 53, 213.80
215, Stormie, Action, 1, 8.69
216, Purcell, Fun, 55, 162.44
217, Norine, Adventure, 41, 68.68
218, Tomlin, Action, 39, 32.21
219, Muffin, Horror, 55, 237.01
220, Patrice, Action, 3, 192.43
221, Porter, Action, 26, 46.88
222, Guillemette, Fun, 38, 126.63
223, Emylee, Sci-Fi, 12, 134.78
224, Napoleon, Sci-Fi, 36, 184.69
225, Perren, Thriller, 42, 53.22
226, Octavius, Action, 47, 165.75
227, Lissy, Action, 12, 90.47
228, Paulo, Fun, 48, 44.58
229, Marve, Fun, 14, 171.10
230, Dulcia, Fun, 26, 154.12
231, Elisabet, Adventure, 5, 252.00
232, Breanne, Horror, 3, 234.35
233, Arty, Action, 53, 87.36
234, Cissiee, Adventure, 41, 243.79
235, Agnesse, Action, 3, 44.51
236, Martie, Sci-Fi, 27, 130.81
237, Conrad, Adventure, 55, 249.68
238, Isaiah, Horror, 17, 26.98
239, Ernestus, Sci-Fi, 34, 56.36
240, Mariya, Horror, 16, 239.12
241, Eward, Horror, 32, 120.61
242, Bevan, Fun, 32, 191.20
243, Elenore, Horror, 20, 69.38
244, Murvyn, Adventure, 5, 167.32
245, Imelda, Action, 51, 230.12
246, Siegfried, Adventure, 47, 238.63
247, Daisey, Sci-Fi, 15, 99.96
248, Danita, Fun, 40, 208.82
249, Vaughan, Horror, 40, 111.98
250, Guy, Thriller, 40, 76.54
251, Yolande, Sci-Fi, 42, 5.22
252, Rana, Sci-Fi, 23, 129.31
253, Elbertine, Fun, 52, 107.14
254, Jessamyn, Thriller, 3, 45.79
255, Charisse, Adventure, 2, 255.49
256, Garnette, Horror, 17, 51.29
257, Adlai, Action, 55, 119.15
258, Malanie, Adventure, 16, 82.60
259, Margalo, Fun, 40, 227.68
260, Janela, Thriller, 27, 143.27
261, Carrissa, Sci-Fi, 2, 211.14
262, Eunice, Fun, 6, 48.41
263, Amber, Action, 36, 61.76
264, April, Thriller, 6, 10.66
265, Christiane, Adventure, 1, 91.08
266, Ardella, Fun, 33, 93.13
267, Toddie, Sci-Fi, 9, 26.54
268, Estrella, Action, 3, 9.36
269, Jacki, Adventure, 7, 18.36
270, Laurice, Horror, 55, 32.96
271, Marketa, Action, 17, 65.84
272, Emmalynn, Fun, 51, 177.67
273, Row, Adventure, 9, 42.07
274, Rafael, Sci-Fi, 37, 106.91
275, Justin, Fun, 11, 214.92
276, Jillayne, Adventure, 54, 176.66
277, Penrod, Fun, 14, 46.40
278, Adria, Thriller, 28, 248.71
279, Shellysheldon, Horror, 18, 177.94
280, Minor, Sci-Fi, 46, 85.40
281, Bran, Horror, 28, 140.89
282, Kelwin, Fun, 55, 105.82
283, Mada, Thriller, 56, 21.51
284, Carmel, Thriller, 44, 230.56
285, Kiel, Sci-Fi, 9, 146.59
286, Dorey, Sci-Fi, 43, 265.19
287, Curry, Sci-Fi, 22, 180.65
288, Randi, Adventure, 2, 118.40
289, Rosaleen, Action, 30, 32.22
290, Arnaldo, Thriller, 28, 87.08
291, Ferrel, Thriller, 21, 121.03
292, Krystle, Sci-Fi, 39, 224.24
293, Odell, Horror, 8, 115.24
294, Violet, Thriller, 17, 208.02
295, Lucienne, Horror, 20, 217.13
296, Loydie, Adventure, 54, 140.38
297, Nadean, Horror, 33, 31.43
298, Beauregard, Sci-Fi, 19, 196.40
299, Sybilla, Thriller, 27, 69.22
300, Corinne, Action, 25, 80.26
301, Berne, Action, 1, 205.25
302, Foster, Adventure, 26, 151.73
303, Rowen, Adventure, 55, 252.60
304, Dulcine, Sci-Fi, 4, 66.61
305, Maurice, Thriller, 21, 24.25
306, Terza, Thriller, 15, 17.30
307, Rosanna, Horror, 33, 48.66
308, Elsie, Thriller, 19, 137.08
309, Isidore, Action, 42, 74.21
310, Alexandrina, Adventure, 13, 172.59
311, Mort, Sci-Fi, 23, 29.26
312, Pren, Action, 10, 225.54
313, Elliott, Adventure, 52, 150.39
314, Bernete, Fun, 32, 162.74
315, Dulciana, Adventure, 36, 263.00
316, Cash, Fun, 22, 92.50
317, Koren, Action, 19, 197.77
318, Sylvia, Adventure, 36, 22.85
319, Cesar, Fun, 18, 3.73
320, Sammy, Adventure, 48, 182.93
321, Babara, Action, 42, 242.86
322, Durante, Horror, 8, 107.77
323, Patrice, Thriller, 15, 161.99
324, Cad, Fun, 1, 127.24
325, Alphonse, Action, 49, 119.00
326, Sawyere, Sci-Fi, 49, 13.85
327, Ondrea, Sci-Fi, 15, 153.85
328, Tiena, Adventure, 35, 258.61
329, Sindee, Sci-Fi, 5, 258.98
330, Erina, Thriller, 52, 224.40
331, Trula, Adventure, 5, 240.82
332, Sarette, Action, 39, 255.21
333, Padgett, Fun, 18, 220.81
334, Barclay, Thriller, 43, 116.02
335, Terza, Adventure, 33, 46.52
336, Queenie, Adventure, 40, 1.52
337, Nye, Sci-Fi, 41, 247.33
338, Dominik, Thriller, 51, 83.71
339, Flor, Horror, 39, 150.70
340, Steffi, Horror, 14, 220.26
341, Merridie, Action, 45, 45.34
342, Balduin, Thriller, 26, 49.70
343, Doreen, Horror, 46, 37.19
344, Roberta, Thriller, 8, 68.53
345, Ferdy, Sci-Fi, 34, 112.82
346, Renee, Thriller, 35, 169.19
347, Alvis, Horror, 30, 228.55
348, Martha, Thriller, 47, 33.20
349, Clark, Adventure, 39, 128.99
350, Tore, Sci-Fi, 9, 219.83
351, Chrotoem, Horror, 37, 183.61
352, Sophi, Fun, 21, 41.99
353, Julee, Fun, 30, 48.35
354, Bartholemy, Adventure, 10, 149.59
355, Karla, Thriller, 54, 22.41
356, Dacy, Fun, 2, 242.41
357, Mort, Thriller, 54, 182.73
358, Tatiana, Sci-Fi, 38, 67.65
359, Johan, Adventure, 25, 191.14
360, Vicki, Sci-Fi, 35, 75.00
361, Conney, Action, 55, 12.96
362, Brander, Adventure, 16, 40.20
363, Nicola, Adventure, 45, 250.96
364, Javier, Thriller, 38, 223.80
365, May, Action, 43, 162.73
366, Nevin, Horror, 15, 118.32
367, Ira, Adventure, 23, 143.87
368, Ferris, Sci-Fi, 21, 226.85
369, Alanson, Sci-Fi, 15, 162.98
370, Regina, Adventure, 38, 24.34
371, Irma, Horror, 32, 184.53
372, Rhianna, Adventure, 38, 250.92
373, Lindsey, Adventure, 24, 121.50
374, Katie, Fun, 2, 159.71
375, Tomkin, Sci-Fi, 35, 25.98
376, Cariotta, Horror, 12, 73.74
377, Tommie, Action, 39, 53.49
378, Tessy, Fun, 55, 70.41
379, Maryanne, Thriller, 46, 20.94
380, Randolf, Fun, 32, 73.05
381, Winslow, Fun, 17, 67.79
382, Sigmund, Horror, 47, 118.55
383, Tymon, Action, 45, 162.92
384, Cissy, Thriller, 26, 44.63
385, Arvy, Sci-Fi, 35, 203.35
386, Hewe, Action, 13, 202.37
387, Dorie, Horror, 35, 211.67
388, Etti, Horror, 48, 49.65
389, Natasha, Horror, 44, 115.85
390, Noelani, Thriller, 6, 159.36
391, Olva, Fun, 29, 131.83
392, Chloe, Horror, 28, 169.69
393, Thurston, Horror, 33, 81.99
394, Cesare, Fun, 55, 228.54
395, Dilly, Adventure, 42, 167.05
396, Cori, Thriller, 23, 138.97
397, Avrom, Thriller, 26, 55.21
398, Ellene, Adventure, 5, 182.37
399, Brnaba, Sci-Fi, 15, 241.60
400, Bartolomeo, Sci-Fi, 18, 134.46
401, Matthew, Adventure, 1, 11.51
402, Clementine, Sci-Fi, 21, 143.45
403, Grier, Fun, 53, 36.83
404, Jsandye, Sci-Fi, 21, 176.17
405, Lolita, Horror, 24, 48.64
406, Dale, Horror, 2, 63.82
407, Georgette, Fun, 25, 10.05
408, Pam, Action, 14, 49.95
409, Mae, Horror, 24, 250.95
410, Arlene, Fun, 26, 66.85
411, Micki, Adventure, 3, 183.43
412, Garret, Horror, 32, 206.92
413, Hana, Fun, 13, 160.35
414, Liz, Thriller, 56, 66.59
415, Alla, Horror, 29, 156.04
416, Ken, Horror, 26, 71.93
417, Perren, Thriller, 34, 212.93
418, Josh, Adventure, 12, 30.86
419, Maddy, Adventure, 41, 54.49
420, Dorothy, Fun, 28, 254.24
421, Alon, Action, 14, 244.88
422, Paige, Action, 48, 101.21
423, Forbes, Sci-Fi, 18, 46.90
424, Adriaens, Action, 38, 217.46
425, Aleksandr, Adventure, 7, 14.33
426, Tibold, Thriller, 10, 143.87
427, Delores, Fun, 30, 222.28
428, June, Sci-Fi, 55, 93.60
429, Brett, Fun, 39, 255.83
430, Godfree, Thriller, 34, 58.75
431, Morley, Action, 32, 205.90
432, Jule, Horror, 15, 252.61
433, Lane, Horror, 28, 82.68
434, Caren, Adventure, 30, 267.38
435, Woodrow, Horror, 20, 162.68
436, Reinald, Thriller, 10, 63.82
437, Joletta, Fun, 22, 79.40
438, Symon, Action, 53, 125.45
439, Emelita, Sci-Fi, 45, 264.07
440, Carmen, Sci-Fi, 47, 161.09
441, Carol-jean, Horror, 46, 131.90
442, Vaclav, Action, 12, 118.56
443, Blair, Adventure, 51, 95.50
444, Clementine, Fun, 7, 232.58
445, Bunnie, Adventure, 20, 19.48
446, Aurie, Sci-Fi, 6, 166.31
447, Patricio, Sci-Fi, 2, 52.75
448, Philly, Adventure, 23, 254.47
449, Iolanthe, Action, 22, 242.59
450, Kimble, Horror, 25, 28.78
451, Michaeline, Sci-Fi, 56, 220.33
452, Stanly, Action, 1, 141.38
453, Danyelle, Sci-Fi, 15, 57.00
454, Reuven, Action, 56, 249.74
455, Guillermo, Adventure, 39, 253.43
456, Bill, Horror, 22, 20.28
457, Carlee, Sci-Fi, 36, 152.19
458, Stephenie, Adventure, 38, 120.48
459, Cort, Adventure, 49, 249.22
460, Rosabella, Adventure, 21, 94.25
461, Ramsay, Adventure, 27, 152.76
462, Drugi, Fun, 32, 91.36
463, Ester, Thriller, 25, 1.26
464, Timmy, Action, 24, 239.12
465, Kahlil, Horror, 1, 197.02
466, Cirillo, Sci-Fi, 48, 73.40
467, Coretta, Adventure, 3, 268.32
468, Tamqrah, Horror, 3, 110.07
469, Inge, Action, 45, 208.91
470, Rebekah, Sci-Fi, 5, 1.77
471, Portia, Action, 11, 259.48
472, Sela, Fun, 27, 26.26
473, Nichole, Sci-Fi, 19, 20.55
474, Barny, Thriller, 33, 266.13
475, Davina, Thriller, 2, 264.05
476, Mason, Action, 50, 139.41
477, Lauren, Horror, 44, 256.41
478, Glyn, Action, 13, 258.79
479, Prentiss, Fun, 37, 145.27
480, Virgie, Fun, 34, 119.66
481, Marta, Fun, 16, 255.15
482, Torey, Adventure, 21, 21.26
483, Cobb, Thriller, 56, 122.04
484, Royce, Thriller, 19, 227.28
485, Troy, Thriller, 25, 221.23
486, Allissa, Adventure, 17, 66.39
487, Neddie, Action, 3, 234.89
488, Jemima, Action, 8, 207.62
489, Stormie, Adventure, 48, 113.63
490, Averell, Thriller, 51, 82.28
491, Anny, Adventure, 56, 245.37
492, Reggie, Sci-Fi, 54, 150.87
493, Karlotta, Adventure, 11, 88.24
494, Ollie, Action, 6, 43.48
495, Jesse, Horror, 14, 91.23
496, Leeland, Adventure, 14, 56.36
497, Reed, Fun, 8, 63.16
498, Gerda, Action, 19, 236.48
499, Alecia, Sci-Fi, 1, 195.08
500, Salaidh, Thriller, 16, 186.88
501, Dagmar, Thriller, 39, 60.73
502, Stearn, Thriller, 53, 146.75
503, Sher, Horror, 38, 119.61
504, Pammi, Action, 35, 97.56
505, Sloan, Sci-Fi, 38, 254.57
506, Agnella, Action, 28, 12.13
507, Holly-anne, Adventure, 18, 53.38
508, Celia, Sci-Fi, 53, 68.34
509, Art, Action, 3, 7.82
510, Abran, Sci-Fi, 34, 169.31
511, Jenni, Sci-Fi, 38, 36.96
512, Blanche, Horror, 22, 239.76
513, Babbette, Thriller, 2, 127.97
514, Quint, Horror, 13, 208.57
515, Lorry, Fun, 7, 29.49
516, Donaugh, Fun, 33, 128.96
517, Vernon, Sci-Fi, 43, 119.90
518, Maureen, Thriller, 23, 163.87
519, Inger, Sci-Fi, 49, 65.21
520, Mindy, Adventure, 26, 69.56
521, Klarika, Horror, 28, 232.36
522, Martina, Fun, 10, 222.82
523, Bev, Sci-Fi, 19, 37.50
524, Clayson, Thriller, 35, 194.87
525, Aggy, Adventure, 53, 157.96
526, Harp, Thriller, 54, 180.17
527, Stephanie, Adventure, 34, 216.37
528, Enrika, Fun, 17, 122.28
529, Brody, Action, 27, 106.15
530, Karlens, Sci-Fi, 47, 178.82
531, Johnathan, Fun, 3, 179.02
532, Shantee, Fun, 11, 206.10
533, Caria, Horror, 47, 60.87
534, Saree, Fun, 12, 132.88
535, Kitty, Sci-Fi, 36, 116.97
536, Paloma, Thriller, 44, 29.12
537, Alikee, Action, 1, 174.58
538, Brett, Adventure, 9, 207.22
539, Isahella, Thriller, 13, 20.16
540, Lesya, Adventure, 29, 228.01
541, Nonnah, Horror, 32, 34.94
542, Cos, Action, 54, 189.80
543, Jim, Adventure, 23, 169.14
544, Trixi, Sci-Fi, 13, 155.64
545, Miof, mela, 0, 7.00
546, Baryram, Adventure, 41, 206.93
547, Percival, Thriller, 44, 67.29
548, Sol, Sci-Fi, 54, 52.10
549, Arabel, Adventure, 56, 94.70
550, Gregoor, Adventure, 33, 212.75
551, Hermione, Horror, 32, 35.78
552, Sarita, Fun, 46, 175.97
553, Dacie, Horror, 18, 231.46
554, Caterina, Horror, 4, 155.28
555, Tamqrah, Thriller, 7, 33.50
556, Tine, Horror, 2, 258.13
557, Jackson, Sci-Fi, 14, 42.66
558, Olenka, Fun, 9, 5.48
559, Justinn, Horror, 11, 54.52
560, Hilarius, Thriller, 24, 196.52
561, Antonia, Action, 11, 206.62
562, Aurie, Fun, 33, 77.76
563, Nancee, Horror, 27, 91.85
564, Joyous, Action, 34, 127.13
565, Cindee, Thriller, 31, 165.52
566, Worden, Sci-Fi, 56, 158.87
567, Dorolisa, Adventure, 20, 53.96
568, Rip, Thriller, 37, 103.15
569, Gleda, Horror, 36, 19.33
570, Reinald, Thriller, 6, 167.59
571, Paulina, Action, 53, 184.47
572, Quillan, Adventure, 2, 160.54
573, Kikelia, Horror, 28, 170.37
574, Maggy, Fun, 10, 219.99
575, Allianora, Fun, 52, 130.67
576, Shoshana, Action, 7, 77.93
577, Tades, Horror, 10, 208.14
578, Vivie, Adventure, 5, 118.31
579, Robby, Sci-Fi, 3, 263.90
580, Booth, Thriller, 22, 67.30
581, Halli, Thriller, 21, 40.25
582, Welch, Adventure, 29, 66.62
583, Winnie, Action, 48, 205.52
584, Cybill, Adventure, 27, 217.41
585, Jeffrey, Sci-Fi, 54, 83.57
586, Nickolas, Thriller, 54, 239.10
587, Estrellita, Thriller, 20, 102.03
588, Giraldo, Sci-Fi, 2, 115.24
589, Aubry, Action, 51, 150.80
590, Jeromy, Sci-Fi, 51, 190.84
591, Courtenay, Thriller, 48, 76.85
592, Fraser, Sci-Fi, 54, 173.36
593, Nikaniki, Thriller, 9, 249.88
594, Sande, Adventure, 11, 57.45
595, Valentin, Fun, 19, 149.87
596, Ailey, Fun, 17, 253.61
597, Daffie, Action, 20, 106.59
598, Tobey, Thriller, 35, 33.92
599, Hillyer, Action, 26, 23.00
600, Estell, Thriller, 36, 207.93
601, Susan, Adventure, 41, 151.16
602, Candi, Thriller, 26, 50.28
603, Debor, Horror, 37, 96.76
604, Jacquelin, Adventure, 33, 56.84
605, Jenna, Horror, 40, 245.97
606, Olenka, Thriller, 31, 38.99
607, Dahlia, Action, 52, 214.06
608, Jack, Action, 21, 260.90
609, Carolynn, Fun, 4, 49.39
610, Jilli, Adventure, 11, 244.59
611, Callie, Thriller, 7, 97.42
612, Mureil, Adventure, 43, 181.03
613, Giovanna, Sci-Fi, 14, 216.37
614, Caria, Fun, 7, 47.87
615, Giselbert, Action, 52, 54.92
616, Roley, Adventure, 8, 251.53
617, Dodi, Thriller, 20, 45.68
618, Clarke, Action, 12, 111.75
619, Aldon, Thriller, 38, 152.30
620, Isa, Adventure, 16, 39.55
621, Kessiah, Sci-Fi, 6, 233.50
622, Stavro, Horror, 6, 39.39
623, Gloriane, Adventure, 13, 249.28
624, Nicolea, Fun, 17, 195.81
625, Joel, Adventure, 53, 41.46
626, Bee, Fun, 13, 20.78
627, Waring, Thriller, 55, 229.37
628, Sue, Thriller, 22, 87.71
629, Tan, Sci-Fi, 26, 192.55
630, Dagmar, Adventure, 16, 195.70
631, Blake, Fun, 11, 193.64
632, Anastasie, Action, 22, 255.46
633, Fanchette, Adventure, 55, 93.51
634, Robbyn, Fun, 1, 85.22
635, Catlaina, Thriller, 17, 45.81
636, Rafaello, Fun, 14, 77.15
637, Leah, Thriller, 56, 117.87
638, Magdaia, Action, 40, 2.79
639, Yehudit, Action, 22, 133.03
640, Olympia, Sci-Fi, 40, 145.47
641, Clea, Action, 16, 72.46
642, Minni, Sci-Fi, 29, 10.19
643, Ches, Thriller, 18, 225.10
644, Colby, Thriller, 10, 260.66
645, Fleurette, Adventure, 15, 167.40
646, Orelie, Horror, 14, 31.61
647, Nolie, Action, 42, 72.91
648, Curran, Action, 8, 263.49
649, Joachim, Thriller, 31, 179.89
650, Tori, Action, 53, 87.65
651, Gale, Action, 25, 101.34
652, Clementius, Horror, 25, 37.29
653, Marcie, Fun, 27, 94.07
654, Lenci, Thriller, 37, 169.93
655, Mada, Adventure, 26, 161.36
656, Sammie, Horror, 46, 183.49
657, Hewitt, Action, 37, 8.41
658, Levey, Adventure, 53, 39.71
659, Callida, Sci-Fi, 55, 131.06
660, Karrie, Fun, 34, 33.06
661, Bo, Thriller, 14, 148.70
662, Karel, Thriller, 34, 75.72
663, Alena, Thriller, 41, 170.96
664, Donetta, Action, 49, 135.58
665, Ava, Fun, 49, 107.21
666, Margarette, Action, 34, 94.61
667, Dukie, Horror, 45, 87.09
668, Linc, Action, 41, 215.59
669, Emera, Adventure, 51, 104.68
670, Annnora, Fun, 19, 121.39
671, Darius, Fun, 34, 99.30
672, Sibylle, Action, 12, 232.19
673, Charil, Adventure, 22, 58.72
674, Wayne, Horror, 52, 246.03
675, Kennan, Horror, 41, 24.61
676, Konstanze, Action, 20, 198.51
677, Lauralee, Thriller, 34, 30.01
678, Audre, Action, 35, 63.68
679, Chane, Thriller, 23, 112.93
680, Basilio, Thriller, 2, 129.64
681, Nikki, Fun, 19, 190.70
682, Cookie, Thriller, 38, 231.86
683, Sheena, Fun, 11, 196.66
684, Orella, Thriller, 11, 148.37
685, Goraud, Fun, 11, 241.26
686, Elinore, Horror, 52, 66.43
687, Elisabet, Horror, 53, 118.39
688, Morie, Adventure, 1, 148.24
689, Bryana, Adventure, 24, 211.23
690, Heinrik, Action, 52, 221.14
691, Addy, Action, 54, 171.62
692, Olwen, Action, 55, 24.86
693, Jacklin, Action, 16, 141.28
694, Ellette, Fun, 18, 118.86
695, Bartlett, Thriller, 4, 151.54
696, Virginia, Fun, 55, 78.34
697, Adrea, Horror, 18, 5.12
698, Ray, Sci-Fi, 56, 74.01
699, Suki, Horror, 30, 207.93
700, Antonin, Sci-Fi, 37, 244.27
701, Idalia, Action, 29, 194.84
702, Kacy, Sci-Fi, 17, 199.02
703, Elfie, Horror, 23, 256.87
704, Dot, Horror, 19, 232.54
705, Jolyn, Thriller, 51, 82.25
706, Brian, Thriller, 43, 59.23
707, Adam, Horror, 13, 115.93
708, Sande, Thriller, 19, 255.91
709, Ebba, Adventure, 11, 226.04
710, Stormi, Thriller, 11, 64.35
711, Herbert, Adventure, 46, 207.35
712, Marchelle, Fun, 47, 153.30
713, Brannon, Thriller, 42, 199.23
714, Kirsti, Sci-Fi, 27, 2.73
715, Kingston, Thriller, 46, 72.77
716, Graig, Horror, 56, 251.35
717, Dasi, Action, 6, 195.68
718, Leonelle, Horror, 7, 232.77
719, Myer, Thriller, 18, 239.98
720, Gigi, Adventure, 11, 236.40
721, Alysia, Horror, 54, 87.23
722, Odella, Thriller, 19, 156.97
723, Trumaine, Action, 45, 224.51
724, Steffane, Action, 34, 67.05
725, Cirilo, Sci-Fi, 4, 86.63
726, Nan, Sci-Fi, 5, 69.51
727, Desiri, Sci-Fi, 29, 243.14
728, Roderigo, Fun, 29, 185.68
729, Sharron, Fun, 46, 116.07
730, Daniela, Action, 19, 172.00
731, Gabrila, Thriller, 50, 246.39
732, Tasia, Sci-Fi, 52, 240.26
733, Tabbitha, Adventure, 31, 114.49
734, Mackenzie, Sci-Fi, 6, 5.93
735, Daisey, Adventure, 10, 5.07
736, Liane, Fun, 40, 258.21
737, Eldin, Thriller, 26, 86.36
738, Herc, Action, 44, 148.61
739, Cecelia, Action, 5, 12.51
740, Isidora, Thriller, 51, 242.84
741, Virginia, Adventure, 23, 219.92
742, Jourdain, Sci-Fi, 41, 3.49
743, Jeniece, Action, 41, 65.28
744, Carena, Horror, 32, 124.83
745, Pablo, Horror, 23, 180.54
746, Christoforo, Sci-Fi, 38, 183.81
747, Kaiser, Adventure, 26, 154.82
748, Marianne, Sci-Fi, 42, 109.10
749, Arnoldo, Fun, 19, 216.28
750, Abigael, Action, 43, 211.94
751, Buck, Action, 26, 225.45
752, Tallie, Action, 52, 155.82
753, Althea, Sci-Fi, 48, 31.51
754, Meghann, Action, 15, 18.34
755, Kale, Thriller, 9, 209.91
756, Sinclare, Adventure, 40, 96.68
757, Jorry, Adventure, 28, 86.00
758, Mabel, Adventure, 41, 30.50
759, Claybourne, Fun, 27, 13.40
760, Christan, Horror, 44, 116.09
761, Baxie, Thriller, 41, 251.48
762, Tess, Adventure, 5, 244.34
763, Jada, Adventure, 55, 110.38
764, Devin, Adventure, 26, 50.37
765, Jacquelin, Fun, 32, 73.38
766, Von, Horror, 56, 12.43
767, Herculie, Sci-Fi, 41, 46.40
768, Carson, Horror, 6, 110.83
769, Geoffrey, Action, 32, 260.05
770, Naoma, Horror, 29, 130.43
771, Gaylord, Thriller, 29, 32.11
772, Mozelle, Horror, 19, 41.12
773, Matilda, Thriller, 19, 161.57
774, Gwen, Sci-Fi, 15, 145.83
775, Julian, Horror, 27, 18.92
776, Clem, Adventure, 28, 44.51
777, Aron, Thriller, 50, 214.10
778, Brietta, Sci-Fi, 41, 230.37
779, Fernanda, Action, 12, 29.04
780, Brocky, Sci-Fi, 36, 11.52
781, Benjie, Sci-Fi, 18, 192.60
782, Arturo, Fun, 28, 24.73
783, Francisca, Action, 28, 246.00
784, Shurlock, Horror, 17, 122.66
785, Marnie, Thriller, 54, 137.85
786, Nertie, Action, 12, 156.82
787, Barris, Horror, 12, 224.02
788, Ddene, Action, 51, 48.70
789, Berget, Fun, 53, 100.40
790, Ketti, Thriller, 6, 214.90
791, Gwenny, Action, 2, 229.02
792, Frazer, Action, 22, 3.39
793, Ogdon, Sci-Fi, 55, 119.97
794, Rasla, Action, 48, 140.00
795, Lorenza, Thriller, 3, 226.51
796, Irma, Fun, 19, 176.44
797, Lavinie, Fun, 8, 129.13
798, Flynn, Adventure, 48, 9.27
799, Lindie, Sci-Fi, 22, 69.85
800, Philis, Sci-Fi, 32, 265.42
801, Broddie, Sci-Fi, 15, 91.05
802, Felice, Thriller, 15, 134.79
803, Alvera, Sci-Fi, 37, 60.50
804, Page, Fun, 11, 23.32
805, Nissie, Fun, 54, 264.51
806, Fin, Action, 50, 136.43
807, Fitz, Adventure, 29, 129.14
808, Karolina, Fun, 6, 8.45
809, Aldon, Fun, 44, 27.07
810, Victoir, Fun, 33, 166.24
811, Brandtr, Horror, 34, 73.78
812, Sara-ann, Thriller, 49, 9.76
813, Gwenette, Action, 18, 44.70
814, Adelina, Adventure, 12, 170.71
815, Claudian, Fun, 35, 190.64
816, Natalee, Action, 3, 19.70
817, Bartolomeo, Sci-Fi, 40, 209.47
818, Christopher, Sci-Fi, 8, 85.18
819, Vachel, Fun, 38, 42.60
820, Mycah, Horror, 46, 182.57
821, Pepe, Action, 55, 227.99
822, Violetta, Horror, 12, 111.29
823, Hugo, Sci-Fi, 56, 13.71
824, Othella, Thriller, 1, 102.04
825, Jenine, Horror, 52, 90.13
826, Paco, Sci-Fi, 46, 78.88
827, Clare, Adventure, 39, 38.07
828, Cyndi, Action, 39, 182.91
829, Wallis, Action, 16, 1.60
830, Aldus, Horror, 9, 223.30
831, Elyse, Fun, 15, 247.92
832, Chad, Horror, 33, 207.30
833, Aleen, Action, 45, 85.45
834, Tiff, Thriller, 28, 52.52
835, Stillman, Thriller, 35, 220.82
836, Joby, Horror, 14, 221.60
837, Willi, Fun, 46, 164.71
838, Kenna, Action, 4, 197.45
839, Winifield, Horror, 51, 240.18
840, Donn, Action, 25, 30.10
841, Barny, Action, 23, 205.50
842, Simonette, Sci-Fi, 31, 121.58
843, Josselyn, Adventure, 29, 249.67
844, Gare, Fun, 36, 225.02
845, Langsdon, Thriller, 35, 228.39
846, Lita, Horror, 43, 151.26
847, Lyle, Adventure, 5, 17.12
848, Haskel, Fun, 23, 106.17
849, Sabine, Fun, 7, 89.85
850, Calla, Thriller, 26, 191.15
851, Neall, Horror, 28, 138.89
852, Guenna, Horror, 41, 221.55
853, Beatrisa, Sci-Fi, 54, 260.59
854, Shadow, Thriller, 38, 209.89
855, Elnore, Fun, 10, 17.23
856, Cami, Sci-Fi, 23, 134.99
857, Lars, Adventure, 3, 123.83
858, Elwyn, Fun, 47, 63.11
859, Lucretia, Action, 6, 67.20
860, Zacharia, Horror, 4, 128.28
861, Bryanty, Adventure, 54, 129.05
862, Gherardo, Adventure, 49, 206.20
863, Mollee, Sci-Fi, 25, 125.54
864, Keane, Adventure, 55, 192.70
865, Hilda, Thriller, 21, 202.70
866, Florence, Adventure, 7, 152.11
867, Gerta, Thriller, 42, 111.81
868, Borg, Fun, 41, 182.11
869, Clarence, Horror, 14, 136.48
870, Fons, Adventure, 9, 176.00
871, Elwira, Thriller, 46, 69.19
872, Hatty, Horror, 34, 258.06
873, Elia, Horror, 47, 26.10
874, Mercie, Thriller, 46, 195.15
875, Fleurette, Adventure, 53, 198.43
876, Yanaton, Action, 3, 121.40
877, Carla, Action, 2, 25.35
878, Skippy, Sci-Fi, 46, 59.17
879, Karlens, Thriller, 56, 78.88
880, Konstantin, Adventure, 21, 234.67
881, Ange, Sci-Fi, 32, 239.94
882, Louisette, Sci-Fi, 52, 261.98
883, Carolynn, Horror, 23, 90.78
884, Cesar, Sci-Fi, 2, 78.52
885, Tova, Fun, 6, 257.73
886, Ulric, Action, 20, 102.10
887, Douglas, Action, 43, 187.00
888, Roxanna, Adventure, 8, 238.01
889, Odilia, Adventure, 25, 224.37
890, Claudelle, Thriller, 32, 252.22
891, Carolyne, Thriller, 49, 48.86
892, Sonya, Thriller, 26, 268.28
893, Parrnell, Fun, 17, 84.69
894, Hynda, Action, 31, 62.47
895, Lowell, Action, 36, 129.81
896, Yevette, Action, 15, 180.71
897, Fairleigh, Horror, 5, 122.18
898, Vachel, Action, 27, 58.21
899, Adele, Action, 28, 46.33
900, Alysa, Sci-Fi, 24, 145.58
901, Alberta, Horror, 4, 166.57
902, Gennifer, Thriller, 46, 164.96
903, Katharine, Adventure, 39, 124.06
904, Gamaliel, Sci-Fi, 56, 112.44
905, Hamilton, Adventure, 19, 148.54
906, Dorolice, Horror, 56, 185.43
907, Haydon, Thriller, 32, 233.17
908, Rossie, Adventure, 43, 160.88
909, Raquel, Thriller, 27, 16.00
910, Marney, Sci-Fi, 35, 86.74
911, Urbanus, Sci-Fi, 19, 35.62
912, Katrinka, Fun, 50, 181.72
913, Witty, Action, 31, 99.55
914, Lurlene, Thriller, 54, 132.04
915, Michail, Thriller, 51, 133.47
916, Calida, Adventure, 29, 180.47
917, Martino, Fun, 3, 17.86
918, Maryrose, Adventure, 56, 167.84
919, Parsifal, Thriller, 15, 151.47
920, Lorne, Thriller, 38, 175.87
921, Bart, Action, 6, 162.45
922, Tobi, Horror, 8, 62.24
923, Wait, Adventure, 42, 116.05
924, Kearney, Adventure, 27, 134.83
925, Kimmie, Action, 46, 251.72
926, Jaine, Horror, 56, 52.88
927, Henrieta, Thriller, 49, 222.38
928, Anabelle, Action, 18, 209.89
929, Gnni, Action, 32, 59.39
930, Jacquenetta, Fun, 49, 257.84
931, Armando, Action, 20, 152.28
932, Sheelah, Sci-Fi, 47, 97.18
933, Ryley, Action, 38, 153.86
934, Justinn, Sci-Fi, 32, 257.94
935, Washington, Adventure, 15, 191.36
936, Hunter, Thriller, 49, 136.49
937, Dulciana, Action, 15, 36.42
938, Marnia, Sci-Fi, 47, 250.19
939, Kariotta, Sci-Fi, 43, 267.67
940, Nathanael, Action, 9, 255.32
941, Hanny, Thriller, 12, 223.37
942, Regan, Horror, 19, 230.57
943, Manfred, Adventure, 8, 39.15
944, Sofie, Sci-Fi, 11, 222.48
945, Aubry, Action, 23, 153.08
946, Frazier, Action, 13, 266.37
947, Edward, Fun, 2, 99.95
948, Whitney, Fun, 39, 189.43
949, Melisse, Thriller, 49, 137.32
950, Sinclare, Fun, 18, 21.70
951, Bradan, Thriller, 25, 203.94
952, Becca, Thriller, 56, 222.92
953, Isadore, Fun, 28, 161.31
954, Aliza, Adventure, 50, 209.85
955, Alisun, Sci-Fi, 45, 118.34
956, Beulah, Adventure, 38, 246.59
957, Zenia, Sci-Fi, 4, 42.01
958, Tiertza, Adventure, 46, 12.93
959, Ronald, Adventure, 2, 3.42
960, Gun, Adventure, 26, 155.24
961, Sterne, Action, 9, 37.95
962, Roobbie, Sci-Fi, 36, 80.10
963, Arte, Thriller, 23, 84.88
964, Marmaduke, Horror, 40, 176.61
965, Heinrik, Horror, 25, 262.50
966, Luce, Fun, 50, 261.72
967, Carver, Sci-Fi, 20, 31.66
968, Cletus, Fun, 45, 240.94
969, Augusta, Horror, 43, 4.40
970, Clerissa, Horror, 45, 174.75
971, Astra, Adventure, 18, 242.16
972, Hettie, Fun, 35, 140.67
973, Aprilette, Action, 13, 267.70
974, Cos, Horror, 23, 74.53
975, Juan, Fun, 3, 14.30
976, Alix, Horror, 32, 145.54
977, Randi, Fun, 19, 267.80
978, Wynny, Thriller, 9, 62.32
979, Kimberly, Sci-Fi, 13, 26.64
980, Galvan, Horror, 41, 13.91
981, Jamison, Fun, 31, 229.42
982, Zack, Adventure, 8, 118.98
983, Aeriel, Sci-Fi, 45, 58.14
984, Car, Horror, 9, 15.36
985, Brittaney, Sci-Fi, 20, 167.29
986, Lydon, Sci-Fi, 53, 218.38
987, Maurita, Adventure, 56, 186.51
988, Reinaldos, Sci-Fi, 2, 145.76
989, Milzie, Fun, 27, 196.37
990, Jamill, Adventure, 24, 149.67
991, Helyn, Action, 9, 212.82
992, Dietrich, Action, 52, 92.02
993, Bel, Sci-Fi, 45, 244.02
994, Joly, Horror, 14, 148.86
995, Beniamino, Sci-Fi, 22, 15.26
996, Abdel, Fun, 7, 163.22
997, Nariko, Sci-Fi, 48, 150.20
998, Suellen, Adventure, 2, 221.22
999, Alena, Thriller, 21, 86.60
1000, Nappie, Fun, 41, 138.89
1001, asd, 123, 123, 123.00
1002, Yeoh, 12, 12, 12.00
1003, Yeoh, asd, 123, 123.00
1004, YEs, 123, 123, 123.00
1005, 212, 12, 21, 2212.00
1006, Eugene, 123, 123, 123.00
1007, test, sad, 123, 123.00
1008, Yess, 12, 12, 12.00
1009, Noo, asd, 123, 123.00
1010, YASD, asd, 123, 13.00
1011, new, new, 123, 123.00
1012, again, 123, 123, 13.00
1013, asd, asd, 123, 123.00
1014, 213, 123, 123, 123.00
1015, asd, asd, 123, 13.00
1016, asd, asd, 123, 123.00
1017, 213, 123, 123, 123.00
1018, Testing, 123, 123, 123.00
1019, asd, asd, 123, 123.00
1020, New, New, 12, 12.00
1021, New, Like, 12, 12.00
1022, 123, 123, 123, 123.00
1023, First, 1, 1, 1.00
1024, Second, 2, 2, 22.00
1025, Third, 3, 3, 3.00
1026, Fuorth, 4, 4, 4.00
1027, Fifth, 5, 5, 5.00
1028, Sixth, 6, 6, 6.00
1029, Seventh, 7, 7, 7.00
1030, Eight, 8, 8, 8.00
1031, 9, 9, 9, 9.00
1032, 10, 10, 10, 10.00
1033, This, is, 12, 12.00
1034, Try, this, 0, 12.00
1035, wow, wow, 12, 12.00
1036, again, 2, 2, 2.00
1037, notba, d, 12, 12.00
1038, d, d, 12, 12.00
1039, asd, asd, 2, 2.00
1040, asd, asd, 12, 12.00
1041, SAD, SAD, 12, 12.00
1045, NEw, NNN, 12, 12.00
